name_en,name_cn,name_pinyin,code,continent_name
Afghanistan,阿富汗,afuhan,AF,AS
Albania,阿尔巴尼亚,aerbaniya,AL,EU
Algeria,阿尔及利亚,aerjiliya,DZ,AF
Andorra,安道尔,andaoer,AD,EU
Angola,安哥拉,angela,AO,AF
Antigua and Barbuda,安提瓜和巴布达,antiguahebabuda,AG,NA
Argentina,阿根廷,agenting,AR,SA
Armenia,亚美尼亚,yameiniya,AM,AS
Australia,澳大利亚,aodaliya,AU,OC
Austria,奥地利,aodili,AT,EU
Azerbaijan,阿塞拜疆,asaibaijiang,AZ,AS
Bahamas,巴哈马,bahama,BS,NA
Bahrain,巴林,balin,BH,AS
Bangladesh,孟加拉国,mengjilaguo,BD,AS
Barbados,巴巴多斯,babaoduosi,BB,NA
Belarus,白俄罗斯,baieluosi,BY,EU
Belgium,比利时,bilishi,BE,EU
Belize,伯利兹,bolizi,BZ,NA
Benin,贝宁,beining,BJ,AF
Bhutan,不丹,budan,BT,AS
Bolivia,玻利维亚,boliweiya,BO,SA
Bosnia and Herzegovina,波斯尼亚和黑塞哥维那,bosiniyaheheisaigeweina,BA,EU
Botswana,博茨瓦纳,bociwana,BW,AF
Brazil,巴西,baxi,BR,SA
Brunei,文莱,wenlai,BN,AS
Bulgaria,保加利亚,baojialiya,BG,EU
Burkina Faso,布基纳法索,bujinafsuo,BF,AF
Burundi,布隆迪,bulongdi,BI,AF
Cabo Verde,佛得角,fodeijiao,CV,AF
Cambodia,柬埔寨,jianpuzhai,KH,AS
Cameroon,喀麦隆,kamelun,CM,AF
Canada,加拿大,jianada,CA,NA
Central African Republic,中非共和国,zhongfeigongheguo,CF,AF
Chad,乍得,zhade,TD,AF
Chile,智利,zhili,CL,SA
China,中国,zhongguo,CN,AS
Colombia,哥伦比亚,gelunbiya,CO,SA
Comoros,科摩罗,kemoluo,KM,AF
Congo (Congo-Brazzaville),刚果（布）,gangguobu,CG,AF
Costa Rica,哥斯达黎加,gesidalijia,CR,NA
Croatia,克罗地亚,keluodiya,HR,EU
Cuba,古巴,guba,CU,NA
Cyprus,塞浦路斯,saipulusi,CY,AS
Czechia,捷克,jieke,CZ,EU
Democratic Republic of the Congo,刚果民主共和国,gangguominzhugongheguo,CD,AF
Denmark,丹麦,danmai,DK,EU
Djibouti,吉布提,jibuti,DJ,AF
Dominica,多米尼克,dominike,DM,NA
Dominican Republic,多米尼加共和国,dominijiagongheguo,DO,NA
Ecuador,厄瓜多尔,eguaduoer,EC,SA
Egypt,埃及,aiji,EG,AF
El Salvador,萨尔瓦多,saerwaduo,SV,NA
Equatorial Guinea,赤道几内亚,chidaojineiya,GQ,AF
Eritrea,厄立特里亚,eliteliya,ER,AF
Estonia,爱沙尼亚,aishaniya,EE,EU
Eswatini,斯威士兰,siweizhilan,SZ,AF
Ethiopia,埃塞俄比亚,aisaiebiya,ET,AF
Fiji,斐济,feiji,FJ,OC
Finland,芬兰,fenlan,FI,EU
France,法国,faguo,FR,EU
Gabon,加蓬,jiapeng,GA,AF
Gambia,冈比亚,gangbiya,GM,AF
Georgia,格鲁吉亚,gelujiya,GE,AS
Germany,德国,deguo,DE,EU
Ghana,加纳,jiana,GH,AF
Greece,希腊,xila,GR,EU
Grenada,格林纳达,gelinnada,GD,NA
Guatemala,危地马拉,weidimala,GT,NA
Guinea,几内亚,jineiya,GN,AF
Guinea-Bissau,几内亚比绍,jineiyabishao,GW,AF
Guyana,圭亚那,guiyana,GY,SA
Haiti,海地,haidi,HT,NA
Honduras,洪都拉斯,hongdulasi,HN,NA
Hungary,匈牙利,xiongyali,HU,EU
Iceland,冰岛,bingdao,IS,EU
India,印度,yindu,IN,AS
Indonesia,印度尼西亚,yindunixiya,ID,AS
Iran,伊朗,yilang,IR,AS
Iraq,伊拉克,yilake,IQ,AS
Ireland,爱尔兰,aierlan,IE,EU
Israel,以色列,yiselie,IL,AS
Italy,意大利,yidali,IT,EU
Jamaica,牙买加,yamaijia,JM,NA
Japan,日本,riben,JP,AS
Jordan,约旦,yuedan,JO,AS
Kazakhstan,哈萨克斯坦,hasakesitan,KZ,AS
Kenya,肯尼亚,kenniya,KE,AF
Kiribati,基里巴斯,jilibaxi,KI,OC
Kuwait,科威特,keweite,KW,AS
Kyrgyzstan,吉尔吉斯斯坦,jierjisisitan,KG,AS
Laos,老挝,laowo,LA,AS
Latvia,拉脱维亚,latuoweiya,LV,EU
Lebanon,黎巴嫩,libanen,LB,AS
Lesotho,莱索托,laisuotuo,LS,AF
Liberia,利比里亚,libiliya,LR,AF
Libya,利比亚,libiya,LY,AF
Liechtenstein,列支敦士登,liezhidunshideng,LI,EU
Lithuania,立陶宛,litaowan,LT,EU
Luxembourg,卢森堡,lusenbao,LU,EU
Madagascar,马达加斯加,madajiasijia,MG,AF
Malawi,马拉维,malawei,MW,AF
Malaysia,马来西亚,malaixiya,MY,AS
Maldives,马尔代夫,maerdaifu,MV,AS
Mali,马里,mali,ML,AF
Malta,马耳他,maerta,MT,EU
Marshall Islands,马绍尔群岛,mashaoeruqundao,MH,OC
Mauritania,毛里塔尼亚,maolitaniya,MR,AF
Mauritius,毛里求斯,maoliqiusi,MU,AF
Mexico,墨西哥,moxige,MX,NA
Micronesia,密克罗尼西亚,mikeluonixiya,FM,OC
Moldova,摩尔多瓦,moerduowa,MD,EU
Monaco,摩纳哥,monage,MC,EU
Mongolia,蒙古,menggu,MN,AS
Montenegro,黑山,heishan,ME,EU
Morocco,摩洛哥,moluoge,MA,AF
Mozambique,莫桑比克,mosangbike,MZ,AF
Myanmar,缅甸,miandian,MM,AS
Namibia,纳米比亚,namibiya,NA,AF
Nauru,瑙鲁,naolu,NR,OC
Nepal,尼泊尔,niboer,NP,AS
Netherlands,荷兰,helan,NL,EU
New Zealand,新西兰,xinxilan,NZ,OC
Nicaragua,尼加拉瓜,nijialagua,NI,NA
Niger,尼日尔,nirier,NE,AF
Nigeria,尼日利亚,niriliya,NG,AF
North Korea,朝鲜,chaoxian,KP,AS
North Macedonia,北马其顿,beimaqidun,MK,EU
Norway,挪威,nuowei,NO,EU
Oman,阿曼,aman,OM,AS
Pakistan,巴基斯坦,bajisitan,PK,AS
Palau,帕劳,palao,PW,OC
Palestine,巴勒斯坦,balesitan,PS,AS
Panama,巴拿马,banama,PA,NA
Papua New Guinea,巴布亚新几内亚,babuyaxinjineiya,PG,OC
Paraguay,巴拉圭,balagui,PY,SA
Peru,秘鲁,milu,PE,SA
Philippines,菲律宾,feilübin,PH,AS
Poland,波兰,bolan,PL,EU
Portugal,葡萄牙,putaoya,PT,EU
Qatar,卡塔尔,kataer,QA,AS
Romania,罗马尼亚,luomaniya,RO,EU
Russia,俄罗斯,eluosi,RU,EU
Rwanda,卢旺达,luwangda,RW,AF
Saint Kitts and Nevis,圣基茨和尼维斯,shengjiciheniweisi,KN,NA
Saint Lucia,圣卢西亚,shengluxiya,LC,NA
Saint Vincent and the Grenadines,圣文森特和格林纳丁斯,shengwensentehegelinading,VC,NA
Samoa,萨摩亚,samuoya,WS,OC
San Marino,圣马力诺,shengmalinuo,SM,EU
Sao Tome and Principe,圣多美和普林西比,shengduomeihepulinxibi,ST,AF
Saudi Arabia,沙特阿拉伯,shatealabo,SA,AS
Senegal,塞内加尔,saineijiaer,SN,AF
Serbia,塞尔维亚,saierweiya,RS,EU
Seychelles,塞舌尔,saisheer,SC,AF
Sierra Leone,塞拉利昂,sailaliang,SL,AF
Singapore,新加坡,xinjiapo,SG,AS
Slovakia,斯洛伐克,siluofake,SK,EU
Slovenia,斯洛文尼亚,siluowenniya,SI,EU
Solomon Islands,所罗门群岛,suoluomenqundao,SB,OC
Somalia,索马里,suomali,SO,AF
South Africa,南非,nanfei,ZA,AF
South Korea,韩国,hanguo,KR,AS
South Sudan,南苏丹,nansudan,SS,AF
Spain,西班牙,xibanya,ES,EU
Sri Lanka,斯里兰卡,sililanka,LK,AS
Sudan,苏丹,sudan,SD,AF
Suriname,苏里南,sulinan,SR,SA
Sweden,瑞典,ruidian,SE,EU
Switzerland,瑞士,ruishi,CH,EU
Syria,叙利亚,xuliya,SY,AS
Taiwan,台湾,taiwan,TW,AS
Tajikistan,塔吉克斯坦,tajikesitan,TJ,AS
Tanzania,坦桑尼亚,tansangniya,TZ,AF
Thailand,泰国,taiguo,TH,AS
Timor-Leste,东帝汶,dongdiwen,TL,AS
Togo,多哥,duoge,TG,AF
Tonga,汤加,tangijia,TO,OC
Trinidad and Tobago,特立尼达和多巴哥,teliniidaheduobage,TT,NA
Tunisia,突尼斯,tunisi,TN,AF
Turkey,土耳其,tuerqi,TR,AS
Turkmenistan,土库曼斯坦,tukumansitan,TM,AS
Tuvalu,图瓦卢,tuwaluo,TV,OC
Uganda,乌干达,wuganda,UG,AF
Ukraine,乌克兰,wukelan,UA,EU
United Arab Emirates,阿拉伯联合酋长国,alabolianheqiuchangguo,AE,AS
United Kingdom,英国,yingguo,GB,EU
United States of America,美国,meiguo,US,NA
Uruguay,乌拉圭,wulagui,UY,SA
Uzbekistan,乌兹别克斯坦,wuzibiekesitan,UZ,AS
Vanuatu,瓦努阿图,wanuatu,VU,OC
Vatican City,梵蒂冈,fandigan,VA,EU
Venezuela,委内瑞拉,weineiruila,VE,SA
Vietnam,越南,yuenan,VN,AS
Yemen,也门,yemen,YE,AS
Zambia,赞比亚,zanbiya,ZM,AF
Zimbabwe,津巴布韦,jinbabuwei,ZW,AF
Antarctica,南极洲,nanjizhou,AQ,AQ